vehicle_id,source_manifest,flashed_firmware,profile,test,repeat,result,observed_value,evidence_file,owner,next_action
A,,,,manual_direction,1,NOT_TESTED,,,,
A,,,,neutral_and_stop,1,NOT_TESTED,,,,
A,,,,red_light_real_image,1,NOT_TESTED,,,,
A,,,,red_then_occluded,1,NOT_TESTED,,,,
A,,,,confirmed_green_release,1,NOT_TESTED,,,,
A,,,,lane_lost_with_live_camera,1,NOT_TESTED,,,,
A,,,,lane_publisher_stopped,1,NOT_TESTED,,,,
A,,,,signal_publisher_stopped,1,NOT_TESTED,,,,
A,,,,scan_publisher_stopped,1,NOT_TESTED,,,,
A,,,,joystick_lost_in_auto,1,NOT_TESTED,,,,
A,,,,serial_sender_input_stopped,1,NOT_TESTED,,,,
A,,,,pc_or_usb_disconnected,1,NOT_TESTED,,,,
A,,,,calibration_ack_and_physical_center,1,NOT_TESTED,,,,
A,,,,lidar_frame_and_object_location,1,NOT_TESTED,,,,
A,,,,evasion_observation,1,NOT_TESTED,,,,
A,,,,evasion_track,1,NOT_TESTED,,,,
A,,,,restart_repeatability,1,NOT_TESTED,,,,
